{"cameraMode":{"drawMode":0,"name":"Shaded","section":"Shading Mode"},"sceneLighting":false,"audioPlay":false,"sceneViewState":{"showFog":true,"showMaterialUpdate":false,"showSkybox":true,"showFlares":true,"showImageEffects":true,"showParticleSystems":true},"in2DMode":false,"pivot":{"x":-0.0075553059577941898,"y":-0.16927403211593629,"z":0.24536865949630738},"rotation":{"x":0.051124174147844318,"y":-0.8933534622192383,"z":0.10528655350208283,"w":0.4338647127151489},"size":0.44968974590301516,"orthographic":false}