{"cameraMode":{"drawMode":0,"name":"Shaded","section":"Shading Mode"},"sceneLighting":false,"audioPlay":false,"sceneViewState":{"showFog":true,"showMaterialUpdate":false,"showSkybox":true,"showFlares":true,"showImageEffects":true,"showParticleSystems":true},"in2DMode":false,"pivot":{"x":-0.36444544792175295,"y":3.8897805213928224,"z":0.11784648895263672},"rotation":{"x":0.05869191139936447,"y":-0.05356912687420845,"z":0.0031566990073770286,"w":0.996840238571167},"size":8.173528671264649,"orthographic":false}