{"cameraMode":{"drawMode":0,"name":"Shaded","section":"Shading Mode"},"sceneLighting":false,"audioPlay":false,"sceneViewState":{"showFog":true,"showMaterialUpdate":false,"showSkybox":true,"showFlares":true,"showImageEffects":true,"showParticleSystems":true},"in2DMode":false,"pivot":{"x":0.04599998891353607,"y":-0.3944253921508789,"z":0.8952972292900086},"rotation":{"x":-0.2678849697113037,"y":0.42205649614334109,"z":-0.13209526240825654,"w":-0.8559619188308716},"size":1.6771773099899293,"orthographic":false}