{"cameraMode":{"drawMode":0,"name":"Shaded","section":"Shading Mode"},"sceneLighting":false,"audioPlay":false,"sceneViewState":{"showFog":true,"showMaterialUpdate":false,"showSkybox":true,"showFlares":true,"showImageEffects":true,"showParticleSystems":true},"in2DMode":false,"pivot":{"x":0.011352062225341797,"y":1.2039645910263062,"z":-0.0975537896156311},"rotation":{"x":-0.1728380024433136,"y":0.6494426131248474,"z":-0.15501779317855836,"w":-0.72409987449646},"size":5.510569095611572,"orthographic":false}