{"cameraMode":{"drawMode":0,"name":"Shaded","section":"Shading Mode"},"sceneLighting":false,"audioPlay":false,"sceneViewState":{"showFog":true,"showMaterialUpdate":false,"showSkybox":true,"showFlares":true,"showImageEffects":true,"showParticleSystems":true},"in2DMode":false,"pivot":{"x":0.16100096702575684,"y":-0.11500012874603272,"z":0.8019999265670776},"rotation":{"x":-0.10847253352403641,"y":0.5890334248542786,"z":-0.08019667118787766,"w":-0.7967833280563355},"size":8.0020751953125,"orthographic":false}