{"cameraMode":{"drawMode":0,"name":"Shaded","section":"Shading Mode"},"sceneLighting":false,"audioPlay":false,"sceneViewState":{"showFog":true,"showMaterialUpdate":false,"showSkybox":true,"showFlares":true,"showImageEffects":true,"showParticleSystems":true},"in2DMode":false,"pivot":{"x":0.0,"y":1.9834182262420655,"z":-8.668204307556153},"rotation":{"x":-0.2678849697113037,"y":0.42205649614334109,"z":-0.13209526240825654,"w":-0.8559619188308716},"size":3.9099576473236086,"orthographic":false}