{"cameraMode":{"drawMode":0,"name":"Shaded","section":"Shading Mode"},"sceneLighting":false,"audioPlay":false,"sceneViewState":{"showFog":true,"showMaterialUpdate":false,"showSkybox":true,"showFlares":true,"showImageEffects":true,"showParticleSystems":true},"in2DMode":false,"pivot":{"x":45.0,"y":13.050000190734864,"z":0.07208554446697235},"rotation":{"x":-0.10847253352403641,"y":0.5890334248542786,"z":-0.08019667118787766,"w":-0.7967833280563355},"size":1.677790880203247,"orthographic":false}